origen,destino,peso,unidad,linea
V01,V02,5.5,minutos,Roja
V02,V03,5.5,minutos,Roja
V04,V05,5.7,minutos,Amarilla
V05,V06,5.7,minutos,Amarilla
V06,V07,5.7,minutos,Amarilla
V07,V08,5.3,minutos,Verde
V08,V09,5.3,minutos,Verde
V09,V10,5.3,minutos,Verde
V11,V12,5.0,minutos,Azul
V12,V13,5.0,minutos,Azul
V13,V14,5.0,minutos,Azul
V14,V03,5.0,minutos,Azul
V01,V15,3.7,minutos,Naranja
V15,V16,3.7,minutos,Naranja
V16,V17,3.7,minutos,Naranja
V17,V18,3.7,minutos,Blanca
V18,V19,3.7,minutos,Blanca
V19,V20,3.7,minutos,Blanca
V21,V22,3.3,minutos,Celeste
V22,V20,3.3,minutos,Celeste
V20,V07,3.3,minutos,Celeste
V23,V24,8.0,minutos,Morada
V24,V25,8.0,minutos,Morada
V18,V26,4.0,minutos,Cafe
V26,V27,4.0,minutos,Cafe
V03,V24,6.0,minutos,Plateada
V24,V04,6.0,minutos,Plateada
